[
  {
    "flipbook_texture": "textures/blocks/fire_0",
    "atlas_tile": "fire_0",
    "frames": [ 16, 17, 18, 19, 20, 21, 22, 23, 24, 25, 26, 27, 28, 29, 30, 31, 0, 1, 2, 3, 4, 5, 6, 7, 8, 9, 10, 11, 12, 13, 14, 15 ]
  },
  {
    "flipbook_texture": "textures/blocks/fire_1",
    "atlas_tile": "fire_1",
    "frames": [ 0, 1, 2, 3, 4, 5, 6, 7, 8, 9, 10, 11, 12, 13, 14, 15, 16, 17, 18, 19, 20, 21, 22, 23, 24, 25, 26, 27, 28, 29, 30, 31 ]
  },
  {
    "flipbook_texture": "textures/blocks/water_still",
    "atlas_tile": "still_water",
    "ticks_per_frame": 2
  },
  {
    "flipbook_texture": "textures/blocks/water_flow",
    "atlas_tile": "flowing_water",
    "replicate": 2
  },
  {
    "flipbook_texture": "textures/blocks/diamond_ore",
    "atlas_tile": "diamond_ore",
    "ticks_per_frame": 4,
    "frames":  [ 0, 1, 2, 3, 4, 5, 6, 7, 8, 9, 10, 11 ]
  },
  {
    "flipbook_texture": "textures/blocks/emerald_ore",
    "atlas_tile": "emerald_ore",
    "ticks_per_frame": 4,
    "frames": [ 0, 1, 2, 3 ]
  },
  {
    "flipbook_texture": "textures/blocks/gold_ore",
    "atlas_tile": "gold_ore",
    "ticks_per_frame":81,
    "frames": [ 0, 1, 2, 3 ]
  },
  {
    "flipbook_texture": "textures/blocks/lapis_ore",
    "atlas_tile": "lapis_ore",
    "ticks_per_frame": 4,
    "frames": [ 0, 1, 2, 3, 4 ]
  },
  {
    "flipbook_texture": "textures/blocks/iron_ore",
    "atlas_tile": "iron_ore",
    "ticks_per_frame":4,
    "frames": [ 0, 1, 2, 3 ]
  },
  {
    "flipbook_texture": "textures/blocks/redstone_ore",
    "atlas_tile": "redstone_ore",
    "ticks_per_frame": 4,
    "frames": [ 0, 1, 2, 3 ]
  },
  {
    "flipbook_texture": "textures/blocks/cobblestone",
    "atlas_tile": "cobblestone",
    "ticks_per_frame": -30,
    "frames": [ 0, 1, 2, 3, 4, 5, 6, 7, 8, 9, 10, 11, 12, 13, 14, 15, 16, 17, 18, 19, 20, 21, 22, 23, 24, 25, 26, 27, 28, 29, 30, 31, 32, 33, 34, 35 ]
  },
  {
    "flipbook_texture": "textures/blocks/iron_block",
    "atlas_tile": "iron_block",
    "ticks_per_frame": 12,
    "frames": [ 0, 1, 2, 3, 4, 5, 6, 7, 8, 9, 10, 11, 12, 13, 14, 15 ]
  },
  { 
    "flipbook_texture": "textures/blocks/diamond_block",
    "atlas_tile": "diamond_block",
    "ticks_per_frame": 4,
  }
]


